,Real data,Predicted
1281571200000000000,1.2827999591827393,
1281657600000000000,1.2752000093460083,
1281916800000000000,1.2824900150299072,
1282003200000000000,1.288409948348999,
1282089600000000000,1.2851799726486206,
1282176000000000000,1.2821099758148193,
1282262400000000000,1.2709300518035889,
1282521600000000000,1.265589952468872,
1282608000000000000,1.262619972229004,
1282694400000000000,1.2656300067901611,
1282780800000000000,1.2714799642562866,
1282867200000000000,1.2759300470352173,
1283126400000000000,1.2661900520324707,
1283212800000000000,1.2678799629211426,
1283299200000000000,1.2807899713516235,
1283385600000000000,1.2823899984359741,
1283472000000000000,1.2893799543380737,
1283731200000000000,1.287410020828247,
1283817600000000000,1.268090009689331,
1283904000000000000,1.2719999551773071,
1283990400000000000,1.2693899869918823,
1284076800000000000,1.2679599523544312,
1284336000000000000,1.2881200313568115,
1284422400000000000,1.299649953842163,
1284508800000000000,1.301010012626648,
1284595200000000000,1.3076599836349487,
1284681600000000000,1.3047499656677246,
1284940800000000000,1.3060599565505981,
1285027200000000000,1.3262399435043335,
1285113600000000000,1.3404899835586548,
1285200000000000000,1.331380009651184,
1285286400000000000,1.3492200374603271,
1285545600000000000,1.345329999923706,
1285632000000000000,1.3584100008010864,
1285718400000000000,1.3625799417495728,
1285804800000000000,1.3633099794387817,
1285891200000000000,1.3789900541305542,
1286150400000000000,1.3683799505233765,
1286236800000000000,1.3837599754333496,
1286323200000000000,1.392899990081787,
1286409600000000000,1.392549991607666,
1286496000000000000,1.393530011177063,
1286755200000000000,1.3874800205230713,
1286841600000000000,1.3923900127410889,
1286928000000000000,1.396090030670166,
1287014400000000000,1.4082399606704712,
1287100800000000000,1.3974599838256836,
1287360000000000000,1.3932499885559082,
1287446400000000000,1.372439980506897,
1287532800000000000,1.3962600231170654,
1287619200000000000,1.3918700218200684,
1287705600000000000,1.3952699899673462,
1287964800000000000,1.3963899612426758,
1288051200000000000,1.385759949684143,
1288137600000000000,1.376889944076538,
1288224000000000000,1.3929500579833984,
1288310400000000000,1.39451003074646,
1288569600000000000,1.3895599842071533,
1288656000000000000,1.4032299518585205,
1288742400000000000,1.4130200147628784,
1288828800000000000,1.4216400384902954,
1288915200000000000,1.4030799865722656,
1289174400000000000,1.3918800354003906,
1289260800000000000,1.377120018005371,
1289347200000000000,1.378100037574768,
1289433600000000000,1.366610050201416,
1289520000000000000,1.3690400123596191,
1289779200000000000,1.3586100339889526,
1289865600000000000,1.3489199876785278,
1289952000000000000,1.3528599739074707,
1290038400000000000,1.3640999794006348,
1290124800000000000,1.367169976234436,
1290384000000000000,1.36257004737854,
1290470400000000000,1.3366700410842896,
1290556800000000000,1.3333799839019775,
1290643200000000000,1.3358999490737915,
1290729600000000000,1.323930025100708,
1290988800000000000,1.3124300241470337,
1291075200000000000,1.2981200218200684,
1291161600000000000,1.3137600421905518,
1291248000000000000,1.3208999633789062,
1291334400000000000,1.3413300514221191,
1291593600000000000,1.330649971961975,
1291680000000000000,1.3260400295257568,
1291766400000000000,1.3260400295257568,
1291852800000000000,1.3237600326538086,
1291939200000000000,1.3223199844360352,
1292198400000000000,1.338919997215271,
1292284800000000000,1.3376699686050415,
1292371200000000000,1.3212800025939941,
1292457600000000000,1.3242599964141846,
1292544000000000000,1.3187799453735352,
1292803200000000000,1.3129600286483765,
1292889600000000000,1.3099000453948975,
1292976000000000000,1.3098599910736084,
1293062400000000000,1.3112800121307373,
1293148800000000000,1.3114099502563477,
1293408000000000000,1.3165199756622314,
1293494400000000000,1.311400055885315,
1293580800000000000,1.3224300146102905,
1293667200000000000,1.3286999464035034,
1293753600000000000,1.3360999822616577,
1294012800000000000,1.3359500169754028,
1294099200000000000,1.3306599855422974,
1294185600000000000,1.3149100542068481,
1294272000000000000,1.300220012664795,
1294358400000000000,1.2906700372695923,
1294617600000000000,1.294950008392334,
1294704000000000000,1.2973300218582153,
1294790400000000000,1.3129700422286987,
1294876800000000000,1.3364499807357788,
1294963200000000000,1.3386199474334717,
1295222400000000000,1.3292700052261353,
1295308800000000000,1.3385299444198608,
1295395200000000000,1.3472000360488892,
1295481600000000000,1.3471200466156006,
1295568000000000000,1.3619400262832642,
1295827200000000000,1.3636399507522583,
1295913600000000000,1.3679900169372559,
1296000000000000000,1.371269941329956,
1296086400000000000,1.3732600212097168,
1296172800000000000,1.3609600067138672,
1296432000000000000,1.3692400455474854,
1296518400000000000,1.3828400373458862,
1296604800000000000,1.3809399604797363,
1296691200000000000,1.3632700443267822,
1296777600000000000,1.3579800128936768,
1297036800000000000,1.3581899404525757,
1297123200000000000,1.3624199628829956,
1297209600000000000,1.3731199502944946,
1297296000000000000,1.3598699569702148,
1297382400000000000,1.3549100160598755,
1297641600000000000,1.3487800359725952,
1297728000000000000,1.3485000133514404,
1297814400000000000,1.3568300008773804,
1297900800000000000,1.3607699871063232,
1297987200000000000,1.3691600561141968,
1298246400000000000,1.3676799535751343,
1298332800000000000,1.36489999294281,
1298419200000000000,1.3747299909591675,
1298505600000000000,1.379870057106018,
1298592000000000000,1.3752100467681885,
1298851200000000000,1.3804600238800049,
1298937600000000000,1.3775899410247803,
1299024000000000000,1.3864799737930298,
1299110400000000000,1.3967900276184082,
1299196800000000000,1.3985799551010132,
1299456000000000000,1.3967900276184082,
1299542400000000000,1.3903199434280396,
1299628800000000000,1.390720009803772,
1299715200000000000,1.3796099424362183,
1299801600000000000,1.3900099992752075,
1300060800000000000,1.3987699747085571,
1300147200000000000,1.399649977684021,
1300233600000000000,1.3933299779891968,
1300320000000000000,1.4018399715423584,
1300406400000000000,1.4179400205612183,
1300665600000000000,1.421779990196228,
1300752000000000000,1.4197499752044678,
1300838400000000000,1.409540057182312,
1300924800000000000,1.4171199798583984,
1301011200000000000,1.4086099863052368,
1301270400000000000,1.408619999885559,
1301356800000000000,1.411270022392273,
1301443200000000000,1.4126299619674683,
1301529600000000000,1.4156399965286255,
1301616000000000000,1.423200011253357,
1301875200000000000,1.4218900203704834,
1301961600000000000,1.4221199750900269,
1302048000000000000,1.4330400228500366,
1302134400000000000,1.4306700229644775,
1302220800000000000,1.4483400583267212,
1302480000000000000,1.4434800148010254,
1302566400000000000,1.4475699663162231,
1302652800000000000,1.4441399574279785,
1302739200000000000,1.4486099481582642,
1302825600000000000,1.4427599906921387,
1303084800000000000,1.4234800338745117,
1303171200000000000,1.4333399534225464,
1303257600000000000,1.4521100521087646,
1303344000000000000,1.4551000595092773,
1303430400000000000,1.4558700323104858,
1303689600000000000,1.457990050315857,
1303776000000000000,1.4643000364303589,
1303862400000000000,1.4786399602890015,
1303948800000000000,1.4821300506591797,
1304035200000000000,1.4806599617004395,
1304294400000000000,1.4828399419784546,
1304380800000000000,1.48239004611969,
1304467200000000000,1.4825799465179443,
1304553600000000000,1.4536099433898926,
1304640000000000000,1.4317799806594849,
1304899200000000000,1.4363800287246704,
1304985600000000000,1.4407800436019897,
1305072000000000000,1.4190599918365479,
1305158400000000000,1.4244799613952637,
1305244800000000000,1.4115500450134277,
1305504000000000000,1.4154800176620483,
1305590400000000000,1.4235999584197998,
1305676800000000000,1.4248000383377075,
1305763200000000000,1.4307600259780884,
1305849600000000000,1.415869951248169,
1306108800000000000,1.404670000076294,
1306195200000000000,1.409850001335144,
1306281600000000000,1.4086699485778809,
1306368000000000000,1.4143500328063965,
1306454400000000000,1.4315999746322632,
1306713600000000000,1.4280799627304077,
1306800000000000000,1.439560055732727,
1306886400000000000,1.432669997215271,
1306972800000000000,1.4489500522613525,
1307059200000000000,1.463379979133606,
1307318400000000000,1.457450032234192,
1307404800000000000,1.4688700437545776,
1307491200000000000,1.4580700397491455,
1307577600000000000,1.450909972190857,
1307664000000000000,1.4345300197601318,
1307923200000000000,1.4411699771881104,
1308009600000000000,1.4438999891281128,
1308096000000000000,1.4177299737930298,
1308182400000000000,1.4203599691390991,
1308268800000000000,1.4309500455856323,
1308528000000000000,1.4302400350570679,
1308614400000000000,1.4410099983215332,
1308700800000000000,1.4354599714279175,
1308787200000000000,1.4254100322723389,
1308873600000000000,1.4187500476837158,
1309132800000000000,1.428529977798462,
1309219200000000000,1.4369399547576904,
1309305600000000000,1.4433399438858032,
1309392000000000000,1.4500499963760376,
1309478400000000000,1.4524099826812744,
1309737600000000000,1.4537299871444702,
1309824000000000000,1.4427299499511719,
1309910400000000000,1.4317799806594849,
1309996800000000000,1.436169981956482,
1310083200000000000,1.426259994506836,
1310342400000000000,1.4027600288391113,
1310428800000000000,1.3974599838256836,
1310515200000000000,1.4165899753570557,
1310601600000000000,1.4141000509262085,
1310688000000000000,1.4154399633407593,
1310947200000000000,1.4110900163650513,
1311033600000000000,1.4154200553894043,
1311120000000000000,1.4213999509811401,
1311206400000000000,1.4422999620437622,
1311292800000000000,1.4356199502944946,
1311552000000000000,1.4375799894332886,
1311638400000000000,1.4508399963378906,
1311724800000000000,1.4367400407791138,
1311811200000000000,1.4332200288772583,
1311897600000000000,1.4395500421524048,
1312156800000000000,1.4248700141906738,
1312243200000000000,1.4201500415802002,
1312329600000000000,1.4321500062942505,
1312416000000000000,1.4089399576187134,
1312502400000000000,1.4280400276184082,
1312761600000000000,1.4176299571990967,
1312848000000000000,1.4373699426651,
1312934400000000000,1.4176100492477417,
1313020800000000000,1.4238500595092773,
1313107200000000000,1.4246200323104858,
1313366400000000000,1.4442700147628784,
1313452800000000000,1.440559983253479,
1313539200000000000,1.4424400329589844,
1313625600000000000,1.433150053024292,
1313712000000000000,1.439479947090149,
1313971200000000000,1.4357099533081055,
1314057600000000000,1.443969964981079,
1314144000000000000,1.4412599802017212,
1314230400000000000,1.4377299547195435,
1314316800000000000,1.4497599601745605,
1314576000000000000,1.450950026512146,
1314662400000000000,1.444000005722046,
1314748800000000000,1.436769962310791,
1314835200000000000,1.4257299900054932,
1314921600000000000,1.4203699827194214,
1315180800000000000,1.409600019454956,
1315267200000000000,1.3996000289916992,
1315353600000000000,1.409690022468567,
1315440000000000000,1.3880399465560913,
1315526400000000000,1.365530014038086,
1315785600000000000,1.3676899671554565,
1315872000000000000,1.3676899671554565,
1315958400000000000,1.3753399848937988,
1316044800000000000,1.3875700235366821,
1316131200000000000,1.3792699575424194,
1316390400000000000,1.3681999444961548,
1316476800000000000,1.3699100017547607,
1316563200000000000,1.3571100234985352,
1316649600000000000,1.3463300466537476,
1316736000000000000,1.3496700525283813,
1316995200000000000,1.3532500267028809,
1317081600000000000,1.3584599494934082,
1317168000000000000,1.354159951210022,
1317254400000000000,1.3595600128173828,
1317340800000000000,1.3385499715805054,
1317600000000000000,1.3174599409103394,
1317686400000000000,1.3348000049591064,
1317772800000000000,1.3346799612045288,
1317859200000000000,1.3436000347137451,
1317945600000000000,1.3375400304794312,
1318204800000000000,1.3640999794006348,
1318291200000000000,1.363800048828125,
1318377600000000000,1.3790299892425537,
1318464000000000000,1.3776600360870361,
1318550400000000000,1.3880300521850586,
1318809600000000000,1.3736200332641602,
1318896000000000000,1.3750900030136108,
1318982400000000000,1.375920057296753,
1319068800000000000,1.3779000043869019,
1319155200000000000,1.3893200159072876,
1319414400000000000,1.392799973487854,
1319500800000000000,1.390589952468872,
1319587200000000000,1.3905800580978394,
1319673600000000000,1.4187500476837158,
1319760000000000000,1.4147800207138062,
1320019200000000000,1.3858699798583984,
1320105600000000000,1.3695399761199951,
1320192000000000000,1.3746700286865234,
1320278400000000000,1.3812799453735352,
1320364800000000000,1.3788199424743652,
1320624000000000000,1.3774800300598145,
1320710400000000000,1.3832099437713623,
1320796800000000000,1.3540799617767334,
1320883200000000000,1.3602700233459473,
1320969600000000000,1.3747199773788452,
1321228800000000000,1.3631600141525269,
1321315200000000000,1.3537700176239014,
1321401600000000000,1.3462300300598145,
1321488000000000000,1.3456699848175049,
1321574400000000000,1.3522499799728394,
1321833600000000000,1.3487800359725952,
1321920000000000000,1.3503999710083008,
1322006400000000000,1.3341599702835083,
1322092800000000000,1.3345099687576294,
1322179200000000000,1.323830008506775,
1322438400000000000,1.331779956817627,
1322524800000000000,1.3314100503921509,
1322611200000000000,1.3444299697875977,
1322697600000000000,1.3459999561309814,
1322784000000000000,1.339210033416748,
1323043200000000000,1.3398200273513794,
1323129600000000000,1.3399100303649902,
1323216000000000000,1.3410199880599976,
1323302400000000000,1.3339300155639648,
1323388800000000000,1.33843994140625,
1323648000000000000,1.3185700178146362,
1323734400000000000,1.3034800291061401,
1323820800000000000,1.2981499433517456,
1323907200000000000,1.3014500141143799,
1323993600000000000,1.30417001247406,
1324252800000000000,1.2996900081634521,
1324339200000000000,1.3079999685287476,
1324425600000000000,1.3045300245285034,
1324512000000000000,1.3048800230026245,
1324598400000000000,1.3040399551391602,
1324857600000000000,1.305590033531189,
1324944000000000000,1.3068900108337402,
1325030400000000000,1.293969988822937,
1325116800000000000,1.2959500551223755,
1325203200000000000,1.2940000295639038,
1325462400000000000,1.293220043182373,
1325548800000000000,1.304819941520691,
1325635200000000000,1.2941499948501587,
1325721600000000000,1.278689980506897,
1325808000000000000,1.2717900276184082,
1326067200000000000,1.2763500213623047,
1326153600000000000,1.277590036392212,
1326240000000000000,1.270490050315857,
1326326400000000000,1.2812399864196777,
1326412800000000000,1.2678799629211426,
1326672000000000000,1.2664999961853027,
1326758400000000000,1.2734400033950806,
1326844800000000000,1.2861900329589844,
1326931200000000000,1.2966400384902954,
1327017600000000000,1.2929600477218628,
1327276800000000000,1.3012499809265137,
1327363200000000000,1.3034000396728516,
1327449600000000000,1.3104499578475952,
1327536000000000000,1.3106900453567505,
1327622400000000000,1.3217799663543701,
1327881600000000000,1.3141900300979614,
1327968000000000000,1.308150053024292,
1328054400000000000,1.315790057182312,
1328140800000000000,1.3142199516296387,
1328227200000000000,1.315500020980835,
1328486400000000000,1.3129299879074097,
1328572800000000000,1.3259600400924683,
1328659200000000000,1.3259400129318237,
1328745600000000000,1.32846999168396,
1328832000000000000,1.3196300268173218,
1329091200000000000,1.3185499906539917,
1329177600000000000,1.313230037689209,
1329264000000000000,1.3064700365066528,
1329350400000000000,1.3128299713134766,
1329436800000000000,1.3139499425888062,
1329696000000000000,1.3240900039672852,
1329782400000000000,1.323390007019043,
1329868800000000000,1.3247900009155273,
1329955200000000000,1.3370000123977661,
1330041600000000000,1.3448699712753296,
1330300800000000000,1.3395999670028687,
1330387200000000000,1.345579981803894,
1330473600000000000,1.3322499990463257,
1330560000000000000,1.3308900594711304,
1330646400000000000,1.3198100328445435,
1330905600000000000,1.3215500116348267,
1330992000000000000,1.3111599683761597,
1331078400000000000,1.3147499561309814,
1331164800000000000,1.3273199796676636,
1331251200000000000,1.312150001525879,
1331510400000000000,1.3146100044250488,
1331596800000000000,1.3078999519348145,
1331683200000000000,1.3028299808502197,
1331769600000000000,1.30771005153656,
1331856000000000000,1.3173799514770508,
1332115200000000000,1.3235399723052979,
1332201600000000000,1.3222500085830688,
1332288000000000000,1.3210599422454834,
1332374400000000000,1.319659948348999,
1332460800000000000,1.3268400430679321,
1332720000000000000,1.3356399536132812,
1332806400000000000,1.3311899900436401,
1332892800000000000,1.331570029258728,
1332979200000000000,1.3300399780273438,
1333065600000000000,1.3339999914169312,
1333324800000000000,1.3318599462509155,
1333411200000000000,1.3231300115585327,
1333497600000000000,1.314039945602417,
1333584000000000000,1.306380033493042,
1333670400000000000,1.309399962425232,
1333929600000000000,1.310420036315918,
1334016000000000000,1.3079700469970703,
1334102400000000000,1.310770034790039,
1334188800000000000,1.3185100555419922,
1334275200000000000,1.3076599836349487,
1334534400000000000,1.3140100240707397,
1334620800000000000,1.3124799728393555,
1334707200000000000,1.3121399879455566,
1334793600000000000,1.31358003616333,
1334880000000000000,1.321679949760437,
1335139200000000000,1.315440058708191,
1335225600000000000,1.3195099830627441,
1335312000000000000,1.3215199708938599,
1335398400000000000,1.3218599557876587,
1335484800000000000,1.3254300355911255,
1335744000000000000,1.3237199783325195,
1335830400000000000,1.3234800100326538,
1335916800000000000,1.3156700134277344,
1336003200000000000,1.3150899410247803,
1336089600000000000,1.3082900047302246,
1336348800000000000,1.304919958114624,
1336435200000000000,1.3003900051116943,
1336521600000000000,1.2927500009536743,
1336608000000000000,1.2934600114822388,
1336694400000000000,1.2915400266647339,
1336953600000000000,1.2820500135421753,
1337040000000000000,1.2727700471878052,
1337126400000000000,1.2714200019836426,
1337212800000000000,1.2696499824523926,
1337299200000000000,1.2776999473571777,
1337558400000000000,1.2815500497817993,
1337644800000000000,1.268180012702942,
1337731200000000000,1.2580000162124634,
1337817600000000000,1.2530900239944458,
1337904000000000000,1.2515699863433838,
1338163200000000000,1.2539199590682983,
1338249600000000000,1.2500799894332886,
1338336000000000000,1.2365000247955322,
1338422400000000000,1.2364799976348877,
1338508800000000000,1.2433099746704102,
1338768000000000000,1.2497299909591675,
1338854400000000000,1.2450799942016602,
1338940800000000000,1.2579400539398193,
1339027200000000000,1.2558599710464478,
1339113600000000000,1.2515300512313843,
1339372800000000000,1.248110055923462,
1339459200000000000,1.2501599788665771,
1339545600000000000,1.2555099725723267,
1339632000000000000,1.2631100416183472,
1339718400000000000,1.263659954071045,
1339977600000000000,1.2575000524520874,
1340064000000000000,1.268339991569519,
1340150400000000000,1.2705899477005005,
1340236800000000000,1.2538800239562988,
1340323200000000000,1.2567800283432007,
1340582400000000000,1.2502199411392212,
1340668800000000000,1.2489800453186035,
1340755200000000000,1.246749997138977,
1340841600000000000,1.2441600561141968,
1340928000000000000,1.2663099765777588,
1341187200000000000,1.257599949836731,
1341273600000000000,1.2605899572372437,
1341360000000000000,1.2524499893188477,
1341446400000000000,1.2389600276947021,
1341532800000000000,1.228659987449646,
1341792000000000000,1.2310800552368164,
1341878400000000000,1.2247999906539917,
1341964800000000000,1.223680019378662,
1342051200000000000,1.2201600074768066,
1342137600000000000,1.224769949913025,
1342396800000000000,1.2271100282669067,
1342483200000000000,1.2292900085449219,
1342569600000000000,1.2282500267028809,
1342656000000000000,1.2278800010681152,
1342742400000000000,1.2154300212860107,
1343001600000000000,1.2115000486373901,
1343088000000000000,1.2058700323104858,
1343174400000000000,1.2156100273132324,
1343260800000000000,1.2281099557876587,
1343347200000000000,1.2320300340652466,
1343606400000000000,1.2258800268173218,
1343692800000000000,1.2301199436187744,
1343779200000000000,1.2223399877548218,
1343865600000000000,1.2178499698638916,
1343952000000000000,1.2384899854660034,
1344211200000000000,1.2398600578308105,
1344297600000000000,1.2396999597549438,
1344384000000000000,1.2363899946212769,
1344470400000000000,1.2303999662399292,
1344556800000000000,1.2287299633026123,
1344816000000000000,1.2330399751663208,
1344902400000000000,1.232010006904602,
1344988800000000000,1.2288099527359009,
1345075200000000000,1.2353899478912354,
1345161600000000000,1.233199954032898,
1345420800000000000,1.2343699932098389,
1345507200000000000,1.247059941291809,
1345593600000000000,1.2526700496673584,
1345680000000000000,1.2561899423599243,
1345766400000000000,1.2510600090026855,
1346025600000000000,1.249709963798523,
1346112000000000000,1.2563199996948242,
1346198400000000000,1.25285005569458,
1346284800000000000,1.2504500150680542,
1346371200000000000,1.2574399709701538,
1346630400000000000,1.2590800523757935,
1346716800000000000,1.2563199996948242,
1346803200000000000,1.2598600387573242,
1346889600000000000,1.2628999948501587,
1346976000000000000,1.2816400527954102,
1347235200000000000,1.275629997253418,
1347321600000000000,1.2853100299835205,
1347408000000000000,1.2897700071334839,
1347494400000000000,1.2986899614334106,
1347580800000000000,1.3126699924468994,
1347840000000000000,1.311560034751892,
1347926400000000000,1.3046000003814697,
1348012800000000000,1.3046599626541138,
1348099200000000000,1.2966599464416504,
1348185600000000000,1.2978099584579468,
1348444800000000000,1.2928999662399292,
1348531200000000000,1.289929986000061,
1348617600000000000,1.2871299982070923,
1348704000000000000,1.291159987449646,
1348790400000000000,1.2859300374984741,
1349049600000000000,1.2886199951171875,
1349136000000000000,1.291759967803955,
1349222400000000000,1.2903599739074707,
1349308800000000000,1.3015799522399902,
1349395200000000000,1.3034000396728516,
1349654400000000000,1.2966300249099731,
1349740800000000000,1.2883199453353882,
1349827200000000000,1.2873599529266357,
1349913600000000000,1.2925900220870972,
1350000000000000000,1.2949999570846558,
1350259200000000000,1.2946799993515015,
1350345600000000000,1.3051799535751343,
1350432000000000000,1.311710000038147,
1350518400000000000,1.306399941444397,
1350604800000000000,1.3022799491882324,
1350864000000000000,1.3057500123977661,
1350950400000000000,1.2984700202941895,
1351036800000000000,1.2971299886703491,
1351123200000000000,1.2932000160217285,
1351209600000000000,1.2937400341033936,
1351468800000000000,1.2900899648666382,
1351555200000000000,1.296090006828308,
1351641600000000000,1.295490026473999,
1351728000000000000,1.2941399812698364,
1351814400000000000,1.2828099727630615,
1352073600000000000,1.2793699502944946,
1352160000000000000,1.2812600135803223,
1352246400000000000,1.276900053024292,
1352332800000000000,1.2744799852371216,
1352419200000000000,1.2710100412368774,
1352678400000000000,1.270740032196045,
1352764800000000000,1.2702900171279907,
1352851200000000000,1.2732900381088257,
1352937600000000000,1.2779099941253662,
1353024000000000000,1.2740999460220337,
1353283200000000000,1.281149983406067,
1353369600000000000,1.2815200090408325,
1353456000000000000,1.2826999425888062,
1353542400000000000,1.2881900072097778,
1353628800000000000,1.2968900203704834,
1353888000000000000,1.297029972076416,
1353974400000000000,1.2940700054168701,
1354060800000000000,1.2950700521469116,
1354147200000000000,1.297700047492981,
1354233600000000000,1.298490047454834,
1354492800000000000,1.3049999475479126,
1354579200000000000,1.3092999458312988,
1354665600000000000,1.306480050086975,
1354752000000000000,1.296589970588684,
1354838400000000000,1.2925299406051636,
1355097600000000000,1.2939399480819702,
1355184000000000000,1.3003499507904053,
1355270400000000000,1.3072500228881836,
1355356800000000000,1.307569980621338,
1355443200000000000,1.3161300420761108,
1355702400000000000,1.3162000179290771,
1355788800000000000,1.3227399587631226,
1355875200000000000,1.3224799633026123,
1355961600000000000,1.32423996925354,
1356048000000000000,1.3187199831008911,
1356307200000000000,1.3185900449752808,
1356480000000000000,1.3221999406814575,
1356566400000000000,1.323490023612976,
1356652800000000000,1.3214499950408936,
1356912000000000000,1.3195600509643555,
1357084800000000000,1.318429946899414,
1357171200000000000,1.3047000169754028,
1357257600000000000,1.306689977645874,
1357516800000000000,1.3114399909973145,
1357603200000000000,1.3079099655151367,
1357689600000000000,1.3062100410461426,
1357776000000000000,1.326990008354187,
1357862400000000000,1.334089994430542,
1358121600000000000,1.3380000591278076,
1358208000000000000,1.330399990081787,
1358294400000000000,1.328760027885437,
1358380800000000000,1.3374500274658203,
1358467200000000000,1.331760048866272,
1358726400000000000,1.331130027770996,
1358812800000000000,1.3320000171661377,
1358899200000000000,1.3315399885177612,
1358985600000000000,1.3375300168991089,
1359072000000000000,1.3462300300598145,
1359331200000000000,1.3453700542449951,
1359417600000000000,1.3490099906921387,
1359504000000000000,1.356510043144226,
1359590400000000000,1.357640027999878,
1359676800000000000,1.3638800382614136,
1359936000000000000,1.3511500358581543,
1360022400000000000,1.358139991760254,
1360108800000000000,1.3521000146865845,
1360195200000000000,1.339460015296936,
1360281600000000000,1.3363499641418457,
1360540800000000000,1.3404899835586548,
1360627200000000000,1.345229983329773,
1360713600000000000,1.3450100421905518,
1360800000000000000,1.3360300064086914,
1360886400000000000,1.3360400199890137,
1361145600000000000,1.334939956665039,
1361232000000000000,1.3386000394821167,
1361318400000000000,1.3277499675750732,
1361404800000000000,1.3187999725341797,
1361491200000000000,1.318850040435791,
1361750400000000000,1.306089997291565,
1361836800000000000,1.305899977684021,
1361923200000000000,1.3136999607086182,
1362009600000000000,1.3055000305175781,
1362096000000000000,1.3017499446868896,
1362355200000000000,1.30253005027771,
1362441600000000000,1.3049399852752686,
1362528000000000000,1.2965199947357178,
1362614400000000000,1.310520052909851,
1362700800000000000,1.3002500534057617,
1362960000000000000,1.3044300079345703,
1363046400000000000,1.3026700019836426,
1363132800000000000,1.2958799600601196,
1363219200000000000,1.3001400232315063,
1363305600000000000,1.307360053062439,
1363564800000000000,1.2956199645996094,
1363651200000000000,1.2865400314331055,
1363737600000000000,1.2942700386047363,
1363824000000000000,1.289289951324463,
1363910400000000000,1.2987899780273438,
1364169600000000000,1.284690022468567,
1364256000000000000,1.2854499816894531,
1364342400000000000,1.2775599956512451,
1364428800000000000,1.281350016593933,
1364515200000000000,1.2817200422286987,
1364774400000000000,1.2847399711608887,
1364860800000000000,1.2818100452423096,
1364947200000000000,1.2848000526428223,
1365033600000000000,1.2934900522232056,
1365120000000000000,1.2991000413894653,
1365379200000000000,1.300719976425171,
1365465600000000000,1.3080699443817139,
1365552000000000000,1.3068699836730957,
1365638400000000000,1.3098900318145752,
1365724800000000000,1.311020016670227,
1365984000000000000,1.3033000230789185,
1366070400000000000,1.3175499439239502,
1366156800000000000,1.3029799461364746,
1366243200000000000,1.3049099445343018,
1366329600000000000,1.3050800561904907,
1366588800000000000,1.3065600395202637,
1366675200000000000,1.2997000217437744,
1366761600000000000,1.3014299869537354,
1366848000000000000,1.3009699583053589,
1366934400000000000,1.302880048751831,
1367193600000000000,1.3097000122070312,
1367280000000000000,1.3165899515151978,
1367366400000000000,1.317710041999817,
1367452800000000000,1.3063199520111084,
1367539200000000000,1.3112800121307373,
1367798400000000000,1.3075000047683716,
1367884800000000000,1.30771005153656,
1367971200000000000,1.3150800466537476,
1368057600000000000,1.3041000366210938,
1368144000000000000,1.2987300157546997,
1368403200000000000,1.2973099946975708,
1368489600000000000,1.2917799949645996,
1368576000000000000,1.288390040397644,
1368662400000000000,1.288059949874878,
1368748800000000000,1.2836600542068481,
1369008000000000000,1.288059949874878,
1369094400000000000,1.2904599905014038,
1369180800000000000,1.2856600284576416,
1369267200000000000,1.2932000160217285,
1369353600000000000,1.2932599782943726,
1369612800000000000,1.2928099632263184,
1369699200000000000,1.2853599786758423,
1369785600000000000,1.2938499450683594,
1369872000000000000,1.304669976234436,
1369958400000000000,1.2994500398635864,
1370217600000000000,1.3074599504470825,
1370304000000000000,1.3078999519348145,
1370390400000000000,1.3091299533843994,
1370476800000000000,1.324429988861084,
1370563200000000000,1.3217699527740479,
1370822400000000000,1.3255000114440918,
1370908800000000000,1.3311500549316406,
1370995200000000000,1.333549976348877,
1371081600000000000,1.3374500274658203,
1371168000000000000,1.3344099521636963,
1371427200000000000,1.3364700078964233,
1371513600000000000,1.3391799926757812,
1371600000000000000,1.3292700052261353,
1371686400000000000,1.3218400478363037,
1371772800000000000,1.3119800090789795,
1372032000000000000,1.31181001663208,
1372118400000000000,1.3078900575637817,
1372204800000000000,1.3010200262069702,
1372291200000000000,1.3036999702453613,
1372377600000000000,1.3008099794387817,
1372636800000000000,1.3063100576400757,
1372723200000000000,1.2977299690246582,
1372809600000000000,1.3007999658584595,
1372896000000000000,1.2912100553512573,
1372982400000000000,1.282770037651062,
1373241600000000000,1.286929965019226,
1373328000000000000,1.277940034866333,
1373414400000000000,1.2976700067520142,
1373500800000000000,1.3095200061798096,
1373587200000000000,1.3065600395202637,
1373846400000000000,1.305999994277954,
1373932800000000000,1.3160699605941772,
1374019200000000000,1.3123500347137451,
1374105600000000000,1.31072998046875,
1374192000000000000,1.3141200542449951,
1374451200000000000,1.3183799982070923,
1374537600000000000,1.3221700191497803,
1374624000000000000,1.3199199438095093,
1374710400000000000,1.3275400400161743,
1374796800000000000,1.327720046043396,
1375056000000000000,1.3260799646377563,
1375142400000000000,1.326069951057434,
1375228800000000000,1.330090045928955,
1375315200000000000,1.320580005645752,
1375401600000000000,1.3279199600219727,
1375660800000000000,1.3256100416183472,
1375747200000000000,1.3302799463272095,
1375833600000000000,1.3334200382232666,
1375920000000000000,1.3379600048065186,
1376006400000000000,1.3339600563049316,
1376265600000000000,1.3298399448394775,
1376352000000000000,1.3260999917984009,
1376438400000000000,1.3253300189971924,
1376524800000000000,1.3343600034713745,
1376611200000000000,1.332759976387024,
1376870400000000000,1.3332899808883667,
1376956800000000000,1.3415900468826294,
1377043200000000000,1.335360050201416,
1377129600000000000,1.335479974746704,
1377216000000000000,1.3379900455474854,
1377475200000000000,1.3367199897766113,
1377561600000000000,1.3390699625015259,
1377648000000000000,1.3337299823760986,
1377734400000000000,1.3240200281143188,
1377820800000000000,1.322059988975525,
1378080000000000000,1.31905996799469,
1378166400000000000,1.3168699741363525,
1378252800000000000,1.3205699920654297,
1378339200000000000,1.3118200302124023,
1378425600000000000,1.3177200555801392,
1378684800000000000,1.325369954109192,
1378771200000000000,1.3266600370407104,
1378857600000000000,1.3309600353240967,
1378944000000000000,1.3297699689865112,
1379030400000000000,1.329450011253357,
1379289600000000000,1.3332600593566895,
1379376000000000000,1.3357399702072144,
1379462400000000000,1.3519699573516846,
1379548800000000000,1.3527400493621826,
1379635200000000000,1.352329969406128,
1379894400000000000,1.3491400480270386,
1379980800000000000,1.3471599817276,
1380067200000000000,1.3524199724197388,
1380153600000000000,1.3486599922180176,
1380240000000000000,1.3520499467849731,
1380499200000000000,1.3524199724197388,
1380585600000000000,1.35247004032135,
1380672000000000000,1.357740044593811,
1380758400000000000,1.361649990081787,
1380844800000000000,1.3555699586868286,
1381104000000000000,1.357890009880066,
1381190400000000000,1.3572499752044678,
1381276800000000000,1.352239966392517,
1381363200000000000,1.3518199920654297,
1381449600000000000,1.3540500402450562,
1381708800000000000,1.355970025062561,
1381795200000000000,1.352239966392517,
1381881600000000000,1.3532600402832031,
1381968000000000000,1.3673399686813354,
1382054400000000000,1.3685100078582764,
1382313600000000000,1.367900013923645,
1382400000000000000,1.3779000043869019,
1382486400000000000,1.3773800134658813,
1382572800000000000,1.3799599409103394,
1382659200000000000,1.3801499605178833,
1382918400000000000,1.378440022468567,
1383004800000000000,1.3744900226593018,
1383091200000000000,1.3735599517822266,
1383177600000000000,1.3586900234222412,
1383264000000000000,1.3486100435256958,
1383523200000000000,1.351289987564087,
1383609600000000000,1.3473000526428223,
1383696000000000000,1.3511300086975098,
1383782400000000000,1.3417400121688843,
1383868800000000000,1.336650013923645,
1384128000000000000,1.3404300212860107,
1384214400000000000,1.3433599472045898,
1384300800000000000,1.3485699892044067,
1384387200000000000,1.3457399606704712,
1384473600000000000,1.349429965019226,
1384732800000000000,1.3503600358963013,
1384819200000000000,1.3536299467086792,
1384905600000000000,1.34375,
1384992000000000000,1.34798002243042,
1385078400000000000,1.3555999994277954,
1385337600000000000,1.3515100479125977,
1385424000000000000,1.3570200204849243,
1385510400000000000,1.3577699661254883,
1385596800000000000,1.3603099584579468,
1385683200000000000,1.3588900566101074,
1385942400000000000,1.354009985923767,
1386028800000000000,1.3587900400161743,
1386115200000000000,1.3591300249099731,
1386201600000000000,1.3665499687194824,
1386288000000000000,1.3703800439834595,
1386547200000000000,1.3737200498580933,
1386633600000000000,1.3759599924087524,
1386720000000000000,1.3784600496292114,
1386806400000000000,1.375190019607544,
1386892800000000000,1.3740400075912476,
1387152000000000000,1.3758900165557861,
1387238400000000000,1.37663996219635,
1387324800000000000,1.368299961090088,
1387411200000000000,1.3659700155258179,
1387497600000000000,1.3670599460601807,
1387756800000000000,1.3694100379943848,
1387843200000000000,1.3672599792480469,
1388016000000000000,1.3689600229263306,
1388102400000000000,1.3746600151062012,
1388361600000000000,1.3801499605178833,
1388448000000000000,1.3775999546051025,
1388620800000000000,1.3670599460601807,
1388707200000000000,1.3586900234222412,
1388966400000000000,1.3626500368118286,
1389052800000000000,1.36135995388031,
1389139200000000000,1.3574700355529785,
1389225600000000000,1.3606599569320679,
1389312000000000000,1.3668099641799927,
1389571200000000000,1.3668999671936035,
1389657600000000000,1.3677300214767456,
1389744000000000000,1.3603500127792358,
1389830400000000000,1.3618199825286865,
1389916800000000000,1.3539400100708008,
1390176000000000000,1.3550200462341309,
1390262400000000000,1.3559399843215942,
1390348800000000000,1.3545900583267212,
1390435200000000000,1.3694599866867065,
1390521600000000000,1.3675600290298462,
1390780800000000000,1.3671799898147583,
1390867200000000000,1.3669300079345703,
1390953600000000000,1.366170048713684,
1391040000000000000,1.3552900552749634,
1391126400000000000,1.348520040512085,
1391385600000000000,1.352370023727417,
1391472000000000000,1.3516499996185303,
1391558400000000000,1.3531999588012695,
1391644800000000000,1.3588500022888184,
1391731200000000000,1.3633999824523926,
1391990400000000000,1.3643900156021118,
1392076800000000000,1.363669991493225,
1392163200000000000,1.3591699600219727,
1392249600000000000,1.3678699731826782,
1392336000000000000,1.3690999746322632,
1392595200000000000,1.3705400228500366,
1392681600000000000,1.375730037689209,
1392768000000000000,1.3731199502944946,
1392854400000000000,1.3717000484466553,
1392940800000000000,1.373669981956482,
1393200000000000000,1.373329997062683,
1393286400000000000,1.3743400573730469,
1393372800000000000,1.3684799671173096,
1393459200000000000,1.3708399534225464,
1393545600000000000,1.3800499439239502,
1393804800000000000,1.373329997062683,
1393891200000000000,1.3741199970245361,
1393977600000000000,1.3731800317764282,
1394064000000000000,1.3859000205993652,
1394150400000000000,1.387410044670105,
1394409600000000000,1.3876800537109375,
1394496000000000000,1.3857200145721436,
1394582400000000000,1.3900799751281738,
1394668800000000000,1.3871099948883057,
1394755200000000000,1.391219973564148,
1395014400000000000,1.391950011253357,
1395100800000000000,1.3932199478149414,
1395187200000000000,1.3815100193023682,
1395273600000000000,1.3778200149536133,
1395360000000000000,1.3791899681091309,
1395619200000000000,1.383679986000061,
1395705600000000000,1.3824199438095093,
1395792000000000000,1.3783299922943115,
1395878400000000000,1.3739800453186035,
1395964800000000000,1.374959945678711,
1396224000000000000,1.3767499923706055,
1396310400000000000,1.379140019416809,
1396396800000000000,1.3765599727630615,
1396483200000000000,1.371809959411621,
1396569600000000000,1.3701900243759155,
1396828800000000000,1.3739900588989258,
1396915200000000000,1.3795499801635742,
1397001600000000000,1.3853600025177002,
1397088000000000000,1.3884199857711792,
1397174400000000000,1.3882800340652466,
1397433600000000000,1.3818800449371338,
1397520000000000000,1.3813199996948242,
1397606400000000000,1.3813899755477905,
1397692800000000000,1.3811700344085693,
1397779200000000000,1.3806699514389038,
1398038400000000000,1.379140019416809,
1398124800000000000,1.380329966545105,
1398211200000000000,1.3815399408340454,
1398297600000000000,1.3829699754714966,
1398384000000000000,1.3832099437713623,
1398643200000000000,1.3849799633026123,
1398729600000000000,1.3810299634933472,
1398816000000000000,1.3865200281143188,
1398902400000000000,1.3867599964141846,
1398988800000000000,1.3868000507354736,
1399248000000000000,1.3873499631881714,
1399334400000000000,1.3925700187683105,
1399420800000000000,1.3908699750900269,
1399507200000000000,1.3838000297546387,
1399593600000000000,1.3756500482559204,
1399852800000000000,1.375599980354309,
1399939200000000000,1.370169997215271,
1400025600000000000,1.3713099956512451,
1400112000000000000,1.3708200454711914,
1400198400000000000,1.369230031967163,
1400457600000000000,1.3707300424575806,
1400544000000000000,1.3699699640274048,
1400630400000000000,1.3685200214385986,
1400716800000000000,1.3654299974441528,
1400803200000000000,1.3628900051116943,
1401062400000000000,1.3644399642944336,
1401148800000000000,1.3632700443267822,
1401235200000000000,1.358929991722107,
1401321600000000000,1.3600000143051147,
1401408000000000000,1.3632700443267822,
1401667200000000000,1.3595199584960938,
1401753600000000000,1.362589955329895,
1401840000000000000,1.3597400188446045,
1401926400000000000,1.3658900260925293,
1402012800000000000,1.3641599416732788,
1402272000000000000,1.3591899871826172,
1402358400000000000,1.3546099662780762,
1402444800000000000,1.352970004081726,
1402531200000000000,1.355080008506775,
1402617600000000000,1.3537800312042236,
1402876800000000000,1.357159972190857,
1402963200000000000,1.3545299768447876,
1403049600000000000,1.3593699932098389,
1403136000000000000,1.3605600595474243,
1403222400000000000,1.3598099946975708,
1403481600000000000,1.3602299690246582,
1403568000000000000,1.3604300022125244,
1403654400000000000,1.3627699613571167,
1403740800000000000,1.3609700202941895,
1403827200000000000,1.3647799491882324,
1404086400000000000,1.3690600395202637,
1404172800000000000,1.3677500486373901,
1404259200000000000,1.3657499551773071,
1404345600000000000,1.3608299493789673,
1404432000000000000,1.359279990196228,
1404691200000000000,1.3603099584579468,
1404777600000000000,1.361009955406189,
1404864000000000000,1.3640199899673462,
1404950400000000000,1.3606899976730347,
1405036800000000000,1.3605799674987793,
1405296000000000000,1.3617299795150757,
1405382400000000000,1.3566299676895142,
1405468800000000000,1.352329969406128,
1405555200000000000,1.3524600267410278,
1405641600000000000,1.3523000478744507,
1405900800000000000,1.3522100448608398,
1405987200000000000,1.3464100360870361,
1406073600000000000,1.3461999893188477,
1406160000000000000,1.3461999893188477,
1406246400000000000,1.3428399562835693,
1406505600000000000,1.343790054321289,
1406592000000000000,1.3407200574874878,
1406678400000000000,1.3395400047302246,
1406764800000000000,1.338860034942627,
1406851200000000000,1.3426300287246704,
1407110400000000000,1.342039942741394,
1407196800000000000,1.3374500274658203,
1407283200000000000,1.3380800485610962,
1407369600000000000,1.3361799716949463,
1407456000000000000,1.3408299684524536,
1407715200000000000,1.3383400440216064,
1407801600000000000,1.3367600440979004,
1407888000000000000,1.3362900018692017,
1407974400000000000,1.3363499641418457,
1408060800000000000,1.3399200439453125,
1408320000000000000,1.3361799716949463,
1408406400000000000,1.331820011138916,
1408492800000000000,1.3257800340652466,
1408579200000000000,1.3279500007629395,
1408665600000000000,1.3241000175476074,
1408924800000000000,1.3190799951553345,
1409011200000000000,1.3165899515151978,
1409097600000000000,1.3191200494766235,
1409184000000000000,1.318019986152649,
1409270400000000000,1.3130600452423096,
1409529600000000000,1.312690019607544,
1409616000000000000,1.3131099939346313,
1409702400000000000,1.314869999885559,
1409788800000000000,1.2942099571228027,
1409875200000000000,1.2949299812316895,
1410134400000000000,1.289330005645752,
1410220800000000000,1.2935600280761719,
1410307200000000000,1.2915300130844116,
1410393600000000000,1.2922799587249756,
1410480000000000000,1.296280026435852,
1410739200000000000,1.2938599586486816,
1410825600000000000,1.2958300113677979,
1410912000000000000,1.2863600254058838,
1410998400000000000,1.292140007019043,
1411084800000000000,1.2827600240707397,
1411344000000000000,1.2847399711608887,
1411430400000000000,1.2845499515533447,
1411516800000000000,1.2778600454330444,
1411603200000000000,1.2748899459838867,
1411689600000000000,1.2681399583816528,
1411948800000000000,1.268380045890808,
1412035200000000000,1.2628799676895142,
1412121600000000000,1.2621099948883057,
1412208000000000000,1.2667100429534912,
1412294400000000000,1.2513799667358398,
1412553600000000000,1.2653199434280396,
1412640000000000000,1.2667499780654907,
1412726400000000000,1.273210048675537,
1412812800000000000,1.2689399719238281,
1412899200000000000,1.262760043144226,
1413158400000000000,1.2751100063323975,
1413244800000000000,1.265589952468872,
1413331200000000000,1.2835700511932373,
1413417600000000000,1.2806799411773682,
1413504000000000000,1.2759000062942505,
1413763200000000000,1.2798099517822266,
1413849600000000000,1.2714699506759644,
1413936000000000000,1.264680027961731,
1414022400000000000,1.2644200325012207,
1414108800000000000,1.266860008239746,
1414368000000000000,1.2696199417114258,
1414454400000000000,1.2732000350952148,
1414540800000000000,1.2635200023651123,
1414627200000000000,1.2611500024795532,
1414713600000000000,1.2522399425506592,
1414972800000000000,1.2480499744415283,
1415059200000000000,1.2544499635696411,
1415145600000000000,1.2483799457550049,
1415232000000000000,1.2373000383377075,
1415318400000000000,1.2453199625015259,
1415577600000000000,1.2419300079345703,
1415664000000000000,1.2473399639129639,
1415750400000000000,1.2437000274658203,
1415836800000000000,1.247480034828186,
1415923200000000000,1.25232994556427,
1416182400000000000,1.2447999715805054,
1416268800000000000,1.2534199953079224,
1416355200000000000,1.2552599906921387,
1416441600000000000,1.253730058670044,
1416528000000000000,1.2390799522399902,
1416787200000000000,1.2440299987792969,
1416873600000000000,1.2472399473190308,
1416960000000000000,1.2503999471664429,
1417046400000000000,1.2465399503707886,
1417132800000000000,1.244979977607727,
1417392000000000000,1.2467800378799438,
1417478400000000000,1.2381600141525269,
1417564800000000000,1.2309600114822388,
1417651200000000000,1.2376899719238281,
1417737600000000000,1.2280900478363037,
1417996800000000000,1.2315900325775146,
1418083200000000000,1.237280011177063,
1418169600000000000,1.244670033454895,
1418256000000000000,1.2409299612045288,
1418342400000000000,1.246000051498413,
1418601600000000000,1.243530035018921,
1418688000000000000,1.2509499788284302,
1418774400000000000,1.2340699434280396,
1418860800000000000,1.2285100221633911,
1418947200000000000,1.2226899862289429,
1419206400000000000,1.222830057144165,
1419292800000000000,1.2170900106430054,
1419379200000000000,1.2187800407409668,
1419552000000000000,1.2177599668502808,
1419811200000000000,1.2150399684906006,
1419897600000000000,1.2154200077056885,
1419984000000000000,1.2096600532531738,
1420070400000000000,1.209689974784851,
1420156800000000000,1.2000600099563599,
1420416000000000000,1.1930999755859375,
1420502400000000000,1.1888500452041626,
1420588800000000000,1.183750033378601,
1420675200000000000,1.1790599822998047,
1420761600000000000,1.1839699745178223,
1421020800000000000,1.1832300424575806,
1421107200000000000,1.1771399974822998,
1421193600000000000,1.1786999702453613,
1421280000000000000,1.1630899906158447,
1421366400000000000,1.1563899517059326,
1421625600000000000,1.1606600284576416,
1421712000000000000,1.1548700332641602,
1421798400000000000,1.1608099937438965,
1421884800000000000,1.1363799571990967,
1421971200000000000,1.1202499866485596,
1422230400000000000,1.1236200332641602,
1422316800000000000,1.1378799676895142,
1422403200000000000,1.1285300254821777,
1422489600000000000,1.1317399740219116,
1422576000000000000,1.1283999681472778,
1422835200000000000,1.133970022201538,
1422921600000000000,1.147760033607483,
1423008000000000000,1.1341700553894043,
1423094400000000000,1.1476099491119385,
1423180800000000000,1.1312999725341797,
1423440000000000000,1.132290005683899,
1423526400000000000,1.1318399906158447,
1423612800000000000,1.1331700086593628,
1423699200000000000,1.140120029449463,
1423785600000000000,1.138990044593811,
1424044800000000000,1.135259985923767,
1424131200000000000,1.1409900188446045,
1424217600000000000,1.1395699977874756,
1424304000000000000,1.1366699934005737,
1424390400000000000,1.1379799842834473,
1424649600000000000,1.1333199739456177,
1424736000000000000,1.1338000297546387,
1424822400000000000,1.1358799934387207,
1424908800000000000,1.1196199655532837,
1424995200000000000,1.1195100545883179,
1425254400000000000,1.1182299852371216,
1425340800000000000,1.1175199747085571,
1425427200000000000,1.1077100038528442,
1425513600000000000,1.1027400493621826,
1425600000000000000,1.0842499732971191,
1425859200000000000,1.0849599838256836,
1425945600000000000,1.0677599906921387,
1426032000000000000,1.0543700456619263,
1426118400000000000,1.0622999668121338,
1426204800000000000,1.049430012702942,
1426464000000000000,1.056589961051941,
1426550400000000000,1.0596100091934204,
1426636800000000000,1.0827200412750244,
1426723200000000000,1.0655800104141235,
1426809600000000000,1.0819799900054932,
1427068800000000000,1.094290018081665,
1427155200000000000,1.0917799472808838,
1427241600000000000,1.0970100164413452,
1427328000000000000,1.0872900485992432,
1427414400000000000,1.0885900259017944,
1427673600000000000,1.0831600427627563,
1427760000000000000,1.072950005531311,
1427846400000000000,1.0761899948120117,
1427932800000000000,1.0878499746322632,
1428019200000000000,1.0969500541687012,
1428278400000000000,1.0920900106430054,
1428364800000000000,1.0812599658966064,
1428451200000000000,1.0778900384902954,
1428537600000000000,1.0657199621200562,
1428624000000000000,1.0598900318145752,
1428883200000000000,1.056570053100586,
1428969600000000000,1.065310001373291,
1429056000000000000,1.068269968032837,
1429142400000000000,1.0759700536727905,
1429228800000000000,1.0805000066757202,
1429488000000000000,1.0736199617385864,
1429574400000000000,1.0734200477600098,
1429660800000000000,1.0723600387573242,
1429747200000000000,1.082260012626648,
1429833600000000000,1.0872199535369873,
1430092800000000000,1.08896005153656,
1430179200000000000,1.0979399681091309,
1430265600000000000,1.1126400232315063,
1430352000000000000,1.1222200393676758,
1430438400000000000,1.1195199489593506,
1430697600000000000,1.1145600080490112,
1430784000000000000,1.1183500289916992,
1430870400000000000,1.1344900131225586,
1430956800000000000,1.1264699697494507,
1431043200000000000,1.1208200454711914,
1431302400000000000,1.1153700351715088,
1431388800000000000,1.1211299896240234,
1431475200000000000,1.1352699995040894,
1431561600000000000,1.140779972076416,
1431648000000000000,1.1447299718856812,
1431907200000000000,1.1313400268554688,
1431993600000000000,1.114799976348877,
1432080000000000000,1.1091099977493286,
1432166400000000000,1.111009955406189,
1432252800000000000,1.1011199951171875,
1432512000000000000,1.0975199937820435,
1432598400000000000,1.0870599746704102,
1432684800000000000,1.0902700424194336,
1432771200000000000,1.0947200059890747,
1432857600000000000,1.0980600118637085,
1433116800000000000,1.0925099849700928,
1433203200000000000,1.1148799657821655,
1433289600000000000,1.1272799968719482,
1433376000000000000,1.1236399412155151,
1433462400000000000,1.111199975013733,
1433721600000000000,1.1289600133895874,
1433808000000000000,1.1280699968338013,
1433894400000000000,1.1322200298309326,
1433980800000000000,1.1256599426269531,
1434067200000000000,1.12663996219635,
1434326400000000000,1.1282700300216675,
1434412800000000000,1.1246000528335571,
1434499200000000000,1.1335500478744507,
1434585600000000000,1.1356799602508545,
1434672000000000000,1.134850025177002,
1434931200000000000,1.1339099407196045,
1435017600000000000,1.116629958152771,
1435104000000000000,1.1202800273895264,
1435190400000000000,1.1201900243759155,
1435276800000000000,1.1173399686813354,
1435536000000000000,1.123479962348938,
1435622400000000000,1.1140999794006348,
1435708800000000000,1.105139970779419,
1435795200000000000,1.1082199811935425,
1435881600000000000,1.111050009727478,
1436140800000000000,1.105430006980896,
1436227200000000000,1.1009000539779663,
1436313600000000000,1.1074700355529785,
1436400000000000000,1.1034799814224243,
1436486400000000000,1.1160900592803955,
1436745600000000000,1.1007299423217773,
1436832000000000000,1.1008199453353882,
1436918400000000000,1.0947699546813965,
1437004800000000000,1.0872100591659546,
1437091200000000000,1.0827900171279907,
1437350400000000000,1.0823400020599365,
1437436800000000000,1.0934300422668457,
1437523200000000000,1.09266996383667,
1437609600000000000,1.0982500314712524,
1437696000000000000,1.0981700420379639,
1437955200000000000,1.1086699962615967,
1438041600000000000,1.105780005455017,
1438128000000000000,1.0982400178909302,
1438214400000000000,1.0930500030517578,
1438300800000000000,1.0982600450515747,
1438560000000000000,1.0948599576950073,
1438646400000000000,1.0880199670791626,
1438732800000000000,1.090459942817688,
1438819200000000000,1.0923899412155151,
1438905600000000000,1.0964800119400024,
1439164800000000000,1.1017299890518188,
1439251200000000000,1.1039999723434448,
1439337600000000000,1.1158599853515625,
1439424000000000000,1.114799976348877,
1439510400000000000,1.1109199523925781,
1439769600000000000,1.107740044593811,
1439856000000000000,1.101989984512329,
1439942400000000000,1.1118700504302979,
1440028800000000000,1.1240500211715698,
1440115200000000000,1.1382499933242798,
1440374400000000000,1.1618200540542603,
1440460800000000000,1.151479959487915,
1440547200000000000,1.1311999559402466,
1440633600000000000,1.1244499683380127,
1440720000000000000,1.1183099746704102,
1440979200000000000,1.1209100484848022,
1441065600000000000,1.1313400268554688,
1441152000000000000,1.12253999710083,
1441238400000000000,1.1121599674224854,
1441324800000000000,1.114989995956421,
1441584000000000000,1.116819977760315,
1441670400000000000,1.1201000213623047,
1441756800000000000,1.1205500364303589,
1441843200000000000,1.1277899742126465,
1441929600000000000,1.1334799528121948,
1442188800000000000,1.1314799785614014,
1442275200000000000,1.126729965209961,
1442361600000000000,1.128849983215332,
1442448000000000000,1.143280029296875,
1442534400000000000,1.1298999786376953,
1442793600000000000,1.1188100576400757,
1442880000000000000,1.1118700504302979,
1442966400000000000,1.118399977684021,
1443052800000000000,1.1230599880218506,
1443139200000000000,1.1195000410079956,
1443398400000000000,1.1242899894714355,
1443484800000000000,1.1247700452804565,
1443571200000000000,1.1174399852752686,
1443657600000000000,1.1193000078201294,
1443744000000000000,1.1217399835586548,
1444003200000000000,1.118649959564209,
1444089600000000000,1.1270699501037598,
1444176000000000000,1.123579978942871,
1444262400000000000,1.1274399757385254,
1444348800000000000,1.1355299949645996,
1444608000000000000,1.1356600522994995,
1444694400000000000,1.1377300024032593,
1444780800000000000,1.1472699642181396,
1444867200000000000,1.1382399797439575,
1444953600000000000,1.1351799964904785,
1445212800000000000,1.1325700283050537,
1445299200000000000,1.1343300342559814,
1445385600000000000,1.13372004032135,
1445472000000000000,1.1107200384140015,
1445558400000000000,1.1015199422836304,
1445817600000000000,1.1051299571990967,
1445904000000000000,1.104509949684143,
1445990400000000000,1.092560052871704,
1446076800000000000,1.0985000133514404,
1446163200000000000,1.100450038909912,
1446422400000000000,1.101449966430664,
1446508800000000000,1.0961300134658813,
1446595200000000000,1.0863399505615234,
1446681600000000000,1.0882699489593506,
1446768000000000000,1.073799967765808,
1447027200000000000,1.0750499963760376,
1447113600000000000,1.0722299814224243,
1447200000000000000,1.0741300582885742,
1447286400000000000,1.0811899900436401,
1447372800000000000,1.0768500566482544,
1447632000000000000,1.0684700012207031,
1447718400000000000,1.0639699697494507,
1447804800000000000,1.065750002861023,
1447891200000000000,1.0732300281524658,
1447977600000000000,1.0643199682235718,
1448236800000000000,1.0634900331497192,
1448323200000000000,1.064170002937317,
1448409600000000000,1.0622800588607788,
1448496000000000000,1.060829997062683,
1448582400000000000,1.0589799880981445,
1448841600000000000,1.0563499927520752,
1448928000000000000,1.0630300045013428,
1449014400000000000,1.061329960823059,
1449100800000000000,1.0938299894332886,
1449187200000000000,1.08774995803833,
1449446400000000000,1.0835599899291992,
1449532800000000000,1.089020013809204,
1449619200000000000,1.1023499965667725,
1449705600000000000,1.0939300060272217,
1449792000000000000,1.0977799892425537,
1450051200000000000,1.0989700555801392,
1450137600000000000,1.0923199653625488,
1450224000000000000,1.0910099744796753,
1450310400000000000,1.0822299718856812,
1450396800000000000,1.087149977684021,
1450656000000000000,1.09128999710083,
1450742400000000000,1.0955300331115723,
1450828800000000000,1.0908499956130981,
1450915200000000000,1.0962400436401367,
1451260800000000000,1.0964299440383911,
1451347200000000000,1.0918400287628174,
1451433600000000000,1.0930900573730469,
1451520000000000000,1.0867799520492554,
1451865600000000000,1.082919955253601,
1451952000000000000,1.0747300386428833,
1452038400000000000,1.077929973602295,
1452124800000000000,1.0930700302124023,
1452211200000000000,1.0923000574111938,
1452470400000000000,1.0857199430465698,
1452556800000000000,1.0855900049209595,
1452643200000000000,1.0875400304794312,
1452729600000000000,1.0863399505615234,
1452816000000000000,1.09142005443573,
1453075200000000000,1.0891599655151367,
1453161600000000000,1.0905400514602661,
1453248000000000000,1.0888400077819824,
1453334400000000000,1.0872299671173096,
1453420800000000000,1.0793800354003906,
1453680000000000000,1.0847599506378174,
1453766400000000000,1.086840033531189,
1453852800000000000,1.089110016822815,
1453939200000000000,1.094059944152832,
1454025600000000000,1.0828399658203125,
1454284800000000000,1.0887199640274048,
1454371200000000000,1.0916999578475952,
1454457600000000000,1.1102999448776245,
1454544000000000000,1.1207499504089355,
1454630400000000000,1.1149400472640991,
1454889600000000000,1.119189977645874,
1454976000000000000,1.1291699409484863,
1455062400000000000,1.1289900541305542,
1455148800000000000,1.132159948348999,
1455235200000000000,1.1253299713134766,
1455494400000000000,1.1152600049972534,
1455580800000000000,1.1141999959945679,
1455667200000000000,1.112630009651184,
1455753600000000000,1.1104899644851685,
1455840000000000000,1.1128000020980835,
1456099200000000000,1.1027799844741821,
1456185600000000000,1.1017600297927856,
1456272000000000000,1.1011699438095093,
1456358400000000000,1.101639986038208,
1456444800000000000,1.0933799743652344,
1456704000000000000,1.0871399641036987,
1456790400000000000,1.0865999460220337,
1456876800000000000,1.0867400169372559,
1456963200000000000,1.09552001953125,
1457049600000000000,1.1005100011825562,
1457308800000000000,1.101199984550476,
1457395200000000000,1.100909948348999,
1457481600000000000,1.0997400283813477,
1457568000000000000,1.117609977722168,
1457654400000000000,1.1151800155639648,
1457913600000000000,1.1100200414657593,
1458000000000000000,1.110450029373169,
1458086400000000000,1.1210600137710571,
1458172800000000000,1.1313199996948242,
1458259200000000000,1.1272900104522705,
1458518400000000000,1.1237599849700928,
1458604800000000000,1.1213699579238892,
1458691200000000000,1.1179399490356445,
1458777600000000000,1.1177599430084229,
1458864000000000000,1.1162999868392944,
1459123200000000000,1.1195100545883179,
1459209600000000000,1.1288399696350098,
1459296000000000000,1.1336599588394165,
1459382400000000000,1.137850046157837,
1459468800000000000,1.1387200355529785,
1459728000000000000,1.1388700008392334,
1459814400000000000,1.138219952583313,
1459900800000000000,1.1397199630737305,
1459987200000000000,1.1376399993896484,
1460073600000000000,1.139549970626831,
1460332800000000000,1.1405199766159058,
1460419200000000000,1.138319969177246,
1460505600000000000,1.1272499561309814,
1460592000000000000,1.1266900300979614,
1460678400000000000,1.1279799938201904,
1460937600000000000,1.1312299966812134,
1461024000000000000,1.1356799602508545,
1461110400000000000,1.1295000314712524,
1461196800000000000,1.1286300420761108,
1461283200000000000,1.1215100288391113,
1461542400000000000,1.1266000270843506,
1461628800000000000,1.1294599771499634,
1461715200000000000,1.1319400072097778,
1461801600000000000,1.135040044784546,
1461888000000000000,1.1443599462509155,
1462147200000000000,1.1533199548721313,
1462233600000000000,1.1496299505233765,
1462320000000000000,1.1486200094223022,
1462406400000000000,1.1404900550842285,
1462492800000000000,1.140339970588684,
1462752000000000000,1.1383299827575684,
1462838400000000000,1.1371099948883057,
1462924800000000000,1.1425800323486328,
1463011200000000000,1.1376099586486816,
1463097600000000000,1.1304500102996826,
1463356800000000000,1.131909966468811,
1463443200000000000,1.1312400102615356,
1463529600000000000,1.1215800046920776,
1463616000000000000,1.1202199459075928,
1463702400000000000,1.1222200393676758,
1463961600000000000,1.1219899654388428,
1464048000000000000,1.1140300035476685,
1464134400000000000,1.1153700351715088,
1464220800000000000,1.119320034980774,
1464307200000000000,1.1110299825668335,
1464566400000000000,1.1136399507522583,
1464652800000000000,1.1130000352859497,
1464739200000000000,1.1187900304794312,
1464825600000000000,1.114959955215454,
1464912000000000000,1.1366000175476074,
1465171200000000000,1.1353299617767334,
1465257600000000000,1.1356099843978882,
1465344000000000000,1.1394200325012207,
1465430400000000000,1.131410002708435,
1465516800000000000,1.1249099969863892,
1465776000000000000,1.1290199756622314,
1465862400000000000,1.1206200122833252,
1465948800000000000,1.1258800029754639,
1466035200000000000,1.1223599910736084,
1466121600000000000,1.1274100542068481,
1466380800000000000,1.1312299966812134,
1466467200000000000,1.124060034751892,
1466553600000000000,1.1295100450515747,
1466640000000000000,1.137719988822937,
1466726400000000000,1.1084699630737305,
1466985600000000000,1.102489948272705,
1467072000000000000,1.1063100099563599,
1467158400000000000,1.1123000383377075,
1467244800000000000,1.1105200052261353,
1467331200000000000,1.1128300428390503,
1467590400000000000,1.1153000593185425,
1467676800000000000,1.1074800491333008,
1467763200000000000,1.1099499464035034,
1467849600000000000,1.1060999631881714,
1467936000000000000,1.1054600477218628,
1468195200000000000,1.1056300401687622,
1468281600000000000,1.1059900522232056,
1468368000000000000,1.1089099645614624,
1468454400000000000,1.1117099523544312,
1468540800000000000,1.1036499738693237,
1468800000000000000,1.1074800491333008,
1468886400000000000,1.1020100116729736,
1468972800000000000,1.101330041885376,
1469059200000000000,1.1023399829864502,
1469145600000000000,1.0971699953079224,
1469404800000000000,1.0994600057601929,
1469491200000000000,1.0986100435256958,
1469577600000000000,1.105780005455017,
1469664000000000000,1.107509970664978,
1469750400000000000,1.1176799535751343,
1470009600000000000,1.1160800457000732,
1470096000000000000,1.1221100091934204,
1470182400000000000,1.1148699522018433,
1470268800000000000,1.1127699613571167,
1470355200000000000,1.1084699630737305,
1470614400000000000,1.1087599992752075,
1470700800000000000,1.1116000413894653,
1470787200000000000,1.1175600290298462,
1470873600000000000,1.113700032234192,
1470960000000000000,1.1165000200271606,
1471219200000000000,1.118280053138733,
1471305600000000000,1.1277799606323242,
1471392000000000000,1.1287800073623657,
1471478400000000000,1.1352200508117676,
1471564800000000000,1.1324299573898315,
1471824000000000000,1.1319700479507446,
1471910400000000000,1.1304700374603271,
1471996800000000000,1.1263099908828735,
1472083200000000000,1.1283799409866333,
1472169600000000000,1.1191600561141968,
1472428800000000000,1.1188000440597534,
1472515200000000000,1.1141899824142456,
1472601600000000000,1.1157300472259521,
1472688000000000000,1.119629979133606,
1472774400000000000,1.1156200170516968,
1473033600000000000,1.114590048789978,
1473120000000000000,1.125380039215088,
1473206400000000000,1.1238900423049927,
1473292800000000000,1.1259299516677856,
1473379200000000000,1.123129963874817,
1473638400000000000,1.1234300136566162,
1473724800000000000,1.1218199729919434,
1473811200000000000,1.1246700286865234,
1473897600000000000,1.1242899894714355,
1473984000000000000,1.11558997631073,
1474243200000000000,1.1173499822616577,
1474329600000000000,1.1150399446487427,
1474416000000000000,1.1186599731445312,
1474502400000000000,1.12076997756958,
1474588800000000000,1.1227799654006958,
1474848000000000000,1.1253399848937988,
1474934400000000000,1.121440052986145,
1475020800000000000,1.1216599941253662,
1475107200000000000,1.1221100091934204,
1475193600000000000,1.1237399578094482,
1475452800000000000,1.121019959449768,
1475539200000000000,1.1202199459075928,
1475625600000000000,1.1203900575637817,
1475712000000000000,1.1149699687957764,
1475798400000000000,1.1199699640274048,
1476057600000000000,1.1137100458145142,
1476144000000000000,1.1053099632263184,
1476230400000000000,1.1005500555038452,
1476316800000000000,1.105530023574829,
1476403200000000000,1.0972199440002441,
1476662400000000000,1.0998899936676025,
1476748800000000000,1.0979700088500977,
1476835200000000000,1.097309947013855,
1476921600000000000,1.092900037765503,
1477008000000000000,1.0880399942398071,
1477267200000000000,1.088170051574707,
1477353600000000000,1.0887900590896606,
1477440000000000000,1.0907800197601318,
1477526400000000000,1.0895899534225464,
1477612800000000000,1.098449945449829,
1477872000000000000,1.0980000495910645,
1477958400000000000,1.1054799556732178,
1478044800000000000,1.1097300052642822,
1478131200000000000,1.1104799509048462,
1478217600000000000,1.1138700246810913,
1478476800000000000,1.104009985923767,
1478563200000000000,1.102429986000061,
1478649600000000000,1.09089994430542,
1478736000000000000,1.0890100002288818,
1478822400000000000,1.0859899520874023,
1479081600000000000,1.0736099481582642,
1479168000000000000,1.0720700025558472,
1479254400000000000,1.0690499544143677,
1479340800000000000,1.062399983406067,
1479427200000000000,1.0588799715042114,
1479686400000000000,1.0627100467681885,
1479772800000000000,1.0623899698257446,
1479859200000000000,1.0551300048828125,
1479945600000000000,1.0548800230026245,
1480032000000000000,1.0590499639511108,
1480291200000000000,1.061329960823059,
1480377600000000000,1.064869999885559,
1480464000000000000,1.0587999820709229,
1480550400000000000,1.0659199953079224,
1480636800000000000,1.067080020904541,
1480896000000000000,1.0763100385665894,
1480982400000000000,1.0714600086212158,
1481068800000000000,1.0752500295639038,
1481155200000000000,1.06141996383667,
1481241600000000000,1.0557500123977661,
1481500800000000000,1.0634100437164307,
1481587200000000000,1.062399983406067,
1481673600000000000,1.0533100366592407,
1481760000000000000,1.041260004043579,
1481846400000000000,1.0451600551605225,
1482105600000000000,1.040120005607605,
1482192000000000000,1.0386099815368652,
1482278400000000000,1.0422699451446533,
1482364800000000000,1.0435500144958496,
1482451200000000000,1.045639991760254,
1482710400000000000,1.0450700521469116,
1482796800000000000,1.04544997215271,
1482883200000000000,1.0411200523376465,
1482969600000000000,1.048740029335022,
1483056000000000000,1.051759958267212,
1483315200000000000,1.0451799631118774,
1483401600000000000,1.0405299663543701,
1483488000000000000,1.0488899946212769,
1483574400000000000,1.0605100393295288,
1483660800000000000,1.0531100034713745,
1483920000000000000,1.0571600198745728,
1484006400000000000,1.0553699731826782,
1484092800000000000,1.0580999851226807,
1484179200000000000,1.0611499547958374,
1484265600000000000,1.0639400482177734,
1484524800000000000,1.0596200227737427,
1484611200000000000,1.07122004032135,
1484697600000000000,1.0628900527954102,
1484784000000000000,1.0663299560546875,
1484870400000000000,1.070430040359497,
1485129600000000000,1.076390027999878,
1485216000000000000,1.0730400085449219,
1485302400000000000,1.0746099948883057,
1485388800000000000,1.0681699514389038,
1485475200000000000,1.0696500539779663,
1485734400000000000,1.0693199634552002,
1485820800000000000,1.079740047454834,
1485907200000000000,1.0768400430679321,
1485993600000000000,1.0757900476455688,
1486080000000000000,1.0785399675369263,
1486339200000000000,1.074910044670105,
1486425600000000000,1.0682200193405151,
1486512000000000000,1.069790005683899,
1486598400000000000,1.0654499530792236,
1486684800000000000,1.0637799501419067,
1486944000000000000,1.0596699714660645,
1487030400000000000,1.0576200485229492,
1487116800000000000,1.0599900484085083,
1487203200000000000,1.0672600269317627,
1487289600000000000,1.0611000061035156,
1487548800000000000,1.0610400438308716,
1487635200000000000,1.053570032119751,
1487721600000000000,1.055709958076477,
1487808000000000000,1.0581200122833252,
1487894400000000000,1.0556800365447998,
1488153600000000000,1.058590054512024,
1488240000000000000,1.0575200319290161,
1488326400000000000,1.054610013961792,
1488412800000000000,1.0505599975585938,
1488499200000000000,1.0619100332260132,
1488758400000000000,1.0580400228500366,
1488844800000000000,1.0565500259399414,
1488931200000000000,1.0540000200271606,
1489017600000000000,1.0576200485229492,
1489104000000000000,1.0670100450515747,
1489363200000000000,1.065310001373291,
1489449600000000000,1.0603899955749512,
1489536000000000000,1.0733200311660767,
1489622400000000000,1.0763599872589111,
1489708800000000000,1.0732899904251099,
1489968000000000000,1.0738400220870972,
1490054400000000000,1.0809999704360962,
1490140800000000000,1.0796400308609009,
1490227200000000000,1.0782999992370605,
1490313600000000000,1.0804100036621094,
1490572800000000000,1.0862799882888794,
1490659200000000000,1.081130027770996,
1490745600000000000,1.0766099691390991,
1490832000000000000,1.067370057106018,
1490918400000000000,1.0658199787139893,
1491177600000000000,1.066849946975708,
1491264000000000000,1.0672800540924072,
1491350400000000000,1.066230058670044,
1491436800000000000,1.0643999576568604,
1491523200000000000,1.059149980545044,
1491782400000000000,1.0595200061798096,
1491868800000000000,1.0604000091552734,
1491955200000000000,1.0664299726486206,
1492041600000000000,1.0612800121307373,
1492128000000000000,1.0609300136566162,
1492387200000000000,1.0641499757766724,
1492473600000000000,1.0729899406433105,
1492560000000000000,1.070970058441162,
1492646400000000000,1.071679949760437,
1492732800000000000,1.0726699829101562,
1492992000000000000,1.0867500305175781,
1493078400000000000,1.0924400091171265,
1493164800000000000,1.0903300046920776,
1493251200000000000,1.0871200561523438,
1493337600000000000,1.0899399518966675,
1493596800000000000,1.0898100137710571,
1493683200000000000,1.0928599834442139,
1493769600000000000,1.088479995727539,
1493856000000000000,1.098270058631897,
1493942400000000000,1.0998400449752808,
1494201600000000000,1.092360019683838,
1494288000000000000,1.0873500108718872,
1494374400000000000,1.0866999626159668,
1494460800000000000,1.0860899686813354,
1494547200000000000,1.0931199789047241,
1494806400000000000,1.097499966621399,
1494892800000000000,1.1081899404525757,
1494979200000000000,1.1158100366592407,
1495065600000000000,1.1101399660110474,
1495152000000000000,1.1205799579620361,
1495411200000000000,1.123710036277771,
1495497600000000000,1.118209958076477,
1495584000000000000,1.1218299865722656,
1495670400000000000,1.1210099458694458,
1495756800000000000,1.1177699565887451,
1496016000000000000,1.11627995967865,
1496102400000000000,1.118499994277954,
1496188800000000000,1.12431001663208,
1496275200000000000,1.1212300062179565,
1496361600000000000,1.1283199787139893,
1496620800000000000,1.1253900527954102,
1496707200000000000,1.127709984779358,
1496793600000000000,1.1255600452423096,
1496880000000000000,1.1212199926376343,
1496966400000000000,1.1195900440216064,
1497225600000000000,1.1201499700546265,
1497312000000000000,1.1210099458694458,
1497398400000000000,1.121709942817688,
1497484800000000000,1.1143399477005005,
1497571200000000000,1.1193499565124512,
1497830400000000000,1.1147799491882324,
1497916800000000000,1.1133300065994263,
1498003200000000000,1.1167800426483154,
1498089600000000000,1.1150799989700317,
1498176000000000000,1.119439959526062,
1498435200000000000,1.1181000471115112,
1498521600000000000,1.1336899995803833,
1498608000000000000,1.1376899480819702,
1498694400000000000,1.1439900398254395,
1498780800000000000,1.1419299840927124,
1499040000000000000,1.1363400220870972,
1499126400000000000,1.1343400478363037,
1499212800000000000,1.1350599527359009,
1499299200000000000,1.1420400142669678,
1499385600000000000,1.1399699449539185,
1499644800000000000,1.1398999691009521,
1499731200000000000,1.1467000246047974,
1499817600000000000,1.1411099433898926,
1499904000000000000,1.1397299766540527,
1499990400000000000,1.1467100381851196,
1500249600000000000,1.1477700471878052,
1500336000000000000,1.1553900241851807,
1500422400000000000,1.15146005153656,
1500508800000000000,1.1628899574279785,
1500595200000000000,1.1663000583648682,
1500854400000000000,1.1640199422836304,
1500940800000000000,1.164680004119873,
1501027200000000000,1.173259973526001,
1501113600000000000,1.1675299406051636,
1501200000000000000,1.1750799417495728,
1501459200000000000,1.1841599941253662,
1501545600000000000,1.1800899505615234,
1501632000000000000,1.1855299472808838,
1501718400000000000,1.1868400573730469,
1501804800000000000,1.1771299839019775,
1502064000000000000,1.1794999837875366,
1502150400000000000,1.1750799417495728,
1502236800000000000,1.1758500337600708,
1502323200000000000,1.1770800352096558,
1502409600000000000,1.182289958000183,
1502668800000000000,1.1778899431228638,
1502755200000000000,1.1734000444412231,
1502841600000000000,1.176669955253601,
1502928000000000000,1.1722500324249268,
1503014400000000000,1.1761300563812256,
1503273600000000000,1.1814500093460083,
1503360000000000000,1.1761499643325806,
1503446400000000000,1.1806800365447998,
1503532800000000000,1.1798800230026245,
1503619200000000000,1.192039966583252,
1503878400000000000,1.1978700160980225,
1503964800000000000,1.1971700191497803,
1504051200000000000,1.1882799863815308,
1504137600000000000,1.1909600496292114,
1504224000000000000,1.1863199472427368,
1504483200000000000,1.1892800331115723,
1504569600000000000,1.191159963607788,
1504656000000000000,1.1916600465774536,
1504742400000000000,1.2021100521087646,
1504828800000000000,1.2029500007629395,
1505088000000000000,1.1952099800109863,
1505174400000000000,1.1966099739074707,
1505260800000000000,1.1885000467300415,
1505347200000000000,1.1918599605560303,
1505433600000000000,1.1947400569915771,
1505692800000000000,1.1952699422836304,
1505779200000000000,1.1993600130081177,
1505865600000000000,1.1891599893569946,
1505952000000000000,1.1940900087356567,
1506038400000000000,1.1947799921035767,
1506297600000000000,1.1846599578857422,
1506384000000000000,1.1792500019073486,
1506470400000000000,1.1744199991226196,
1506556800000000000,1.1785900592803955,
1506643200000000000,1.1816500425338745,
1506902400000000000,1.173200011253357,
1506988800000000000,1.1743700504302979,
1507075200000000000,1.175860047340393,
1507161600000000000,1.171090006828308,
1507248000000000000,1.1734299659729004,
1507507200000000000,1.1739699840545654,
1507593600000000000,1.1807600259780884,
1507680000000000000,1.1856499910354614,
1507766400000000000,1.1828800439834595,
1507852800000000000,1.1820499897003174,
1508112000000000000,1.1795300245285034,
1508198400000000000,1.1765199899673462,
1508284800000000000,1.1786600351333618,
1508371200000000000,1.1850299835205078,
1508457600000000000,1.1779600381851196,
1508716800000000000,1.1748299598693848,
1508803200000000000,1.1760400533676147,
1508889600000000000,1.1811599731445312,
1508976000000000000,1.1649800539016724,
1509062400000000000,1.1607600450515747,
1509321600000000000,1.164989948272705,
1509408000000000000,1.164489984512329,
1509494400000000000,1.1617499589920044,
1509580800000000000,1.1657600402832031,
1509667200000000000,1.1608999967575073,
1509926400000000000,1.1608400344848633,
1510012800000000000,1.158560037612915,
1510099200000000000,1.1593300104141235,
1510185600000000000,1.164080023765564,
1510272000000000000,1.1664899587631226,
1510531200000000000,1.1666500568389893,
1510617600000000000,1.1797399520874023,
1510704000000000000,1.1789799928665161,
1510790400000000000,1.176859974861145,
1510876800000000000,1.178670048713684,
1511136000000000000,1.1732200384140015,
1511222400000000000,1.1737600564956665,
1511308800000000000,1.1821199655532837,
1511395200000000000,1.1850099563598633,
1511481600000000000,1.1929700374603271,
1511740800000000000,1.1897399425506592,
1511827200000000000,1.1837400197982788,
1511913600000000000,1.184630036354065,
1512000000000000000,1.1902600526809692,
1512086400000000000,1.1898399591445923,
1512345600000000000,1.1864299774169922,
1512432000000000000,1.1824400424957275,
1512518400000000000,1.1794699430465698,
1512604800000000000,1.1771899461746216,
1512691200000000000,1.1771899461746216,
1512950400000000000,1.1768399477005005,
1513036800000000000,1.1741399765014648,
1513123200000000000,1.1825300455093384,
1513209600000000000,1.1777299642562866,
1513296000000000000,1.17507004737854,
1513555200000000000,1.1781200170516968,
1513641600000000000,1.1839599609375,
1513728000000000000,1.1870499849319458,
1513814400000000000,1.1872999668121338,
1513900800000000000,1.1858199834823608,
1514246400000000000,1.185789942741394,
1514332800000000000,1.1886999607086182,
1514419200000000000,1.1942299604415894,
1514505600000000000,1.1997499465942383,
1514851200000000000,1.2058099508285522,
1514937600000000000,1.2014100551605225,
1515024000000000000,1.2067899703979492,
1515110400000000000,1.2029199600219727,
1515369600000000000,1.1966999769210815,
1515456000000000000,1.193619966506958,
1515542400000000000,1.194700002670288,
1515628800000000000,1.203179955482483,
1515715200000000000,1.2194900512695312,
1515974400000000000,1.2262500524520874,
1516060800000000000,1.2259999513626099,
1516147200000000000,1.2184499502182007,
1516233600000000000,1.2237000465393066,
1516320000000000000,1.222000002861023,
1516579200000000000,1.2261300086975098,
1516665600000000000,1.2298200130462646,
1516752000000000000,1.240689992904663,
1516838400000000000,1.2392799854278564,
1516924800000000000,1.2424299716949463,
1517184000000000000,1.2381399869918823,
1517270400000000000,1.240190029144287,
1517356800000000000,1.2413100004196167,
1517443200000000000,1.250749945640564,
1517529600000000000,1.2452800273895264,
1517788800000000000,1.2366199493408203,
1517875200000000000,1.2375500202178955,
1517961600000000000,1.2262099981307983,
1518048000000000000,1.2246400117874146,
1518134400000000000,1.2249900102615356,
1518393600000000000,1.2290400266647339,
1518480000000000000,1.2350300550460815,
1518566400000000000,1.244879961013794,
1518652800000000000,1.2504700422286987,
1518739200000000000,1.2409900426864624,
1518998400000000000,1.2406100034713745,
1519084800000000000,1.2337100505828857,
1519171200000000000,1.2282700538635254,
1519257600000000000,1.2329599857330322,
1519344000000000000,1.2296199798583984,
1519603200000000000,1.2317099571228027,
1519689600000000000,1.2232600450515747,
1519776000000000000,1.2193000316619873,
1519862400000000000,1.2265199422836304,
1519948800000000000,1.2321399450302124,
1520208000000000000,1.233489990234375,
1520294400000000000,1.2403199672698975,
1520380800000000000,1.2410999536514282,
1520467200000000000,1.2310800552368164,
1520553600000000000,1.2304999828338623,
1520812800000000000,1.2333999872207642,
1520899200000000000,1.2389299869537354,
1520985600000000000,1.2367199659347534,
1521072000000000000,1.2304099798202515,
1521158400000000000,1.2288399934768677,
1521417600000000000,1.2334500551223755,
1521504000000000000,1.2239799499511719,
1521590400000000000,1.2337599992752075,
1521676800000000000,1.230139970779419,
1521763200000000000,1.2353099584579468,
1522022400000000000,1.2443000078201294,
1522108800000000000,1.240190029144287,
1522195200000000000,1.2307000160217285,
1522281600000000000,1.229990005493164,
1522368000000000000,1.2326300144195557,
1522627200000000000,1.2300900220870972,
1522713600000000000,1.2269200086593628,
1522800000000000000,1.2277100086212158,
1522886400000000000,1.223960041999817,
1522972800000000000,1.228060007095337,
1523232000000000000,1.2320799827575684,
1523318400000000000,1.235450029373169,
1523404800000000000,1.236649990081787,
1523491200000000000,1.2325799465179443,
1523577600000000000,1.2330299615859985,
1523836800000000000,1.2378699779510498,
1523923200000000000,1.2368899583816528,
1524009600000000000,1.2373499870300293,
1524096000000000000,1.234470009803772,
1524182400000000000,1.2289600372314453,
1524441600000000000,1.2208000421524048,
1524528000000000000,1.2231500148773193,
1524614400000000000,1.215999960899353,
1524700800000000000,1.2101999521255493,
1524787200000000000,1.2129199504852295,
1525046400000000000,1.2076200246810913,
1525132800000000000,1.1992199420928955,
1525219200000000000,1.1954100131988525,
1525305600000000000,1.1987799406051636,
1525392000000000000,1.196329951286316,
1525651200000000000,1.1921900510787964,
1525737600000000000,1.1863800287246704,
1525824000000000000,1.1850199699401855,
1525910400000000000,1.1914499998092651,
1525996800000000000,1.1939899921417236,
1526256000000000000,1.1926599740982056,
1526342400000000000,1.1837600469589233,
1526428800000000000,1.1807299852371216,
1526515200000000000,1.1793299913406372,
1526601600000000000,1.1769399642944336,
1526860800000000000,1.1791000366210938,
1526947200000000000,1.1778099536895752,
1527033600000000000,1.1695400476455688,
1527120000000000000,1.1719199419021606,
1527206400000000000,1.1651500463485718,
1527465600000000000,1.1623799800872803,
1527552000000000000,1.1539000272750854,
1527638400000000000,1.16621994972229,
1527724800000000000,1.1690000295639038,
1527811200000000000,1.1659899950027466,
1528070400000000000,1.1697200536727905,
1528156800000000000,1.1717100143432617,
1528243200000000000,1.177340030670166,
1528329600000000000,1.1797900199890137,
1528416000000000000,1.1770600080490112,
1528675200000000000,1.1781400442123413,
1528761600000000000,1.1744500398635864,
1528848000000000000,1.1790900230407715,
1528934400000000000,1.156540036201477,
1529020800000000000,1.1606500148773193,
1529280000000000000,1.1622200012207031,
1529366400000000000,1.1587799787521362,
1529452800000000000,1.1569099426269531,
1529539200000000000,1.1602699756622314,
1529625600000000000,1.1656899452209473,
1529884800000000000,1.1703300476074219,
1529971200000000000,1.1646000146865845,
1530057600000000000,1.1551899909973145,
1530144000000000000,1.1567599773406982,
1530230400000000000,1.1682499647140503,1.1682499647140503
2018-06-30 00:00:00,,1.1407380104064941
2018-07-01 00:00:00,,1.1349756717681885
2018-07-02 00:00:00,,1.1302211284637451
2018-07-03 00:00:00,,1.1232428550720215
2018-07-04 00:00:00,,1.1167664527893066
2018-07-05 00:00:00,,1.1097958087921143
2018-07-06 00:00:00,,1.1037967205047607
2018-07-07 00:00:00,,1.0977423191070557
2018-07-08 00:00:00,,1.0917232036590576
2018-07-09 00:00:00,,1.0840210914611816
2018-07-10 00:00:00,,1.0772669315338135
2018-07-11 00:00:00,,1.0712662935256958
2018-07-12 00:00:00,,1.0648232698440552
2018-07-13 00:00:00,,1.058652639389038
2018-07-14 00:00:00,,1.0535824298858643
2018-07-15 00:00:00,,1.0481500625610352
2018-07-16 00:00:00,,1.0420894622802734
2018-07-17 00:00:00,,1.0357692241668701
2018-07-18 00:00:00,,1.0302128791809082
2018-07-19 00:00:00,,1.0232088565826416
2018-07-20 00:00:00,,1.0164289474487305
2018-07-21 00:00:00,,1.0094635486602783
2018-07-22 00:00:00,,1.0039169788360596
2018-07-23 00:00:00,,0.9975307583808899
2018-07-24 00:00:00,,0.9917856454849243
2018-07-25 00:00:00,,0.9850761890411377
2018-07-26 00:00:00,,0.9784938097000122
2018-07-27 00:00:00,,0.9725099205970764
2018-07-28 00:00:00,,0.9675219058990479
2018-07-29 00:00:00,,0.9622993469238281
2018-07-30 00:00:00,,0.9583715796470642
2018-07-31 00:00:00,,0.9538035988807678
2018-08-01 00:00:00,,0.9497071504592896
2018-08-02 00:00:00,,0.9448541402816772
2018-08-03 00:00:00,,0.9405379295349121
2018-08-04 00:00:00,,0.9362131953239441
2018-08-05 00:00:00,,0.9328503608703613
2018-08-06 00:00:00,,0.9293798804283142
2018-08-07 00:00:00,,0.9273920059204102
2018-08-08 00:00:00,,0.9241839647293091
2018-08-09 00:00:00,,0.9207409024238586
2018-08-10 00:00:00,,0.9170939326286316
2018-08-11 00:00:00,,0.9150166511535645
2018-08-12 00:00:00,,0.9129089117050171
2018-08-13 00:00:00,,0.9103950262069702
2018-08-14 00:00:00,,0.9079123735427856
2018-08-15 00:00:00,,0.9059877395629883
2018-08-16 00:00:00,,0.9044727683067322
2018-08-17 00:00:00,,0.9026587009429932
2018-08-18 00:00:00,,0.9010695219039917
2018-08-19 00:00:00,,0.9005836248397827
2018-08-20 00:00:00,,0.8992928266525269
2018-08-21 00:00:00,,0.8987579345703125
2018-08-22 00:00:00,,0.8986518383026123
2018-08-23 00:00:00,,0.8984271287918091
2018-08-24 00:00:00,,0.8976812362670898
2018-08-25 00:00:00,,0.8972383737564087
2018-08-26 00:00:00,,0.8968966007232666
2018-08-27 00:00:00,,0.8968963623046875
2018-08-28 00:00:00,,0.8966617584228516
2018-08-29 00:00:00,,0.8964289426803589
2018-08-30 00:00:00,,0.8961664438247681
2018-08-31 00:00:00,,0.8954317569732666
2018-09-01 00:00:00,,0.8950567245483398
2018-09-02 00:00:00,,0.8961585164070129
2018-09-03 00:00:00,,0.8965962529182434
2018-09-04 00:00:00,,0.8970867395401001
2018-09-05 00:00:00,,0.8975515365600586
2018-09-06 00:00:00,,0.898055911064148
2018-09-07 00:00:00,,0.8987900018692017
2018-09-08 00:00:00,,0.8995587229728699
2018-09-09 00:00:00,,0.8994988799095154
2018-09-10 00:00:00,,0.8992881774902344
2018-09-11 00:00:00,,0.9001765847206116
2018-09-12 00:00:00,,0.9008207321166992
2018-09-13 00:00:00,,0.9003938436508179
2018-09-14 00:00:00,,0.9006519317626953
2018-09-15 00:00:00,,0.9007376432418823
2018-09-16 00:00:00,,0.9010518789291382
2018-09-17 00:00:00,,0.9010588526725769
2018-09-18 00:00:00,,0.9010924100875854
2018-09-19 00:00:00,,0.9006136655807495
2018-09-20 00:00:00,,0.9012142419815063
2018-09-21 00:00:00,,0.9007759094238281
2018-09-22 00:00:00,,0.8998755216598511
2018-09-23 00:00:00,,0.8994425535202026
2018-09-24 00:00:00,,0.8995171189308167
2018-09-25 00:00:00,,0.8987981081008911
2018-09-26 00:00:00,,0.898637592792511
2018-09-27 00:00:00,,0.898393988609314
2018-09-28 00:00:00,,0.8979405760765076
2018-09-29 00:00:00,,0.8980656862258911
2018-09-30 00:00:00,,0.8987041115760803
2018-10-01 00:00:00,,0.8981148600578308
2018-10-02 00:00:00,,0.8976198434829712
2018-10-03 00:00:00,,0.897213876247406
2018-10-04 00:00:00,,0.8972960710525513
2018-10-05 00:00:00,,0.8966497182846069
2018-10-06 00:00:00,,0.8964142203330994
2018-10-07 00:00:00,,0.8961049318313599
2018-10-08 00:00:00,,0.8962035179138184
2018-10-09 00:00:00,,0.8961560726165771
2018-10-10 00:00:00,,0.8959460258483887
2018-10-11 00:00:00,,0.8959615230560303
2018-10-12 00:00:00,,0.8968720436096191
2018-10-13 00:00:00,,0.8973698616027832
2018-10-14 00:00:00,,0.8976629972457886
2018-10-15 00:00:00,,0.8983770608901978
2018-10-16 00:00:00,,0.8996334671974182
2018-10-17 00:00:00,,0.9001543521881104
2018-10-18 00:00:00,,0.9004334211349487
2018-10-19 00:00:00,,0.9007472991943359
2018-10-20 00:00:00,,0.9011956453323364
2018-10-21 00:00:00,,0.9016995429992676
2018-10-22 00:00:00,,0.9019091129302979
2018-10-23 00:00:00,,0.9023572206497192
2018-10-24 00:00:00,,0.9022208452224731
2018-10-25 00:00:00,,0.9030205011367798
2018-10-26 00:00:00,,0.9037841558456421
2018-10-27 00:00:00,,0.9036383628845215
2018-10-28 00:00:00,,0.9041967988014221
2018-10-29 00:00:00,,0.9049500226974487
2018-10-30 00:00:00,,0.9056656956672668
2018-10-31 00:00:00,,0.9060921669006348
2018-11-01 00:00:00,,0.9061708450317383
2018-11-02 00:00:00,,0.9061310291290283
2018-11-03 00:00:00,,0.9060933589935303
2018-11-04 00:00:00,,0.9068127870559692
2018-11-05 00:00:00,,0.906265139579773
2018-11-06 00:00:00,,0.9060215353965759
2018-11-07 00:00:00,,0.9057935476303101
2018-11-08 00:00:00,,0.9055824279785156
2018-11-09 00:00:00,,0.9054830074310303
2018-11-10 00:00:00,,0.9053694605827332
2018-11-11 00:00:00,,0.905224084854126
2018-11-12 00:00:00,,0.9050549268722534
2018-11-13 00:00:00,,0.905200183391571
2018-11-14 00:00:00,,0.9048278331756592
2018-11-15 00:00:00,,0.9047052264213562
2018-11-16 00:00:00,,0.9051495790481567
2018-11-17 00:00:00,,0.9047456979751587
2018-11-18 00:00:00,,0.9046511650085449
2018-11-19 00:00:00,,0.9045703411102295
2018-11-20 00:00:00,,0.9050278663635254
2018-11-21 00:00:00,,0.9050455689430237
2018-11-22 00:00:00,,0.9047871828079224
2018-11-23 00:00:00,,0.9048352837562561
2018-11-24 00:00:00,,0.9048070907592773
2018-11-25 00:00:00,,0.9050679206848145
2018-11-26 00:00:00,,0.9049959182739258
2018-11-27 00:00:00,,0.9048844575881958
2018-11-28 00:00:00,,0.9050000905990601
2018-11-29 00:00:00,,0.9050858616828918
2018-11-30 00:00:00,,0.9050840139389038
2018-12-01 00:00:00,,0.9049876928329468
2018-12-02 00:00:00,,0.9049912691116333
2018-12-03 00:00:00,,0.9050396680831909
2018-12-04 00:00:00,,0.9050957560539246
2018-12-05 00:00:00,,0.9051332473754883
2018-12-06 00:00:00,,0.9052008390426636
2018-12-07 00:00:00,,0.9053040742874146
2018-12-08 00:00:00,,0.9054394960403442
2018-12-09 00:00:00,,0.9055556058883667
2018-12-10 00:00:00,,0.9056371450424194
2018-12-11 00:00:00,,0.9057340025901794
2018-12-12 00:00:00,,0.9058667421340942
2018-12-13 00:00:00,,0.9060593247413635
2018-12-14 00:00:00,,0.9062035083770752
2018-12-15 00:00:00,,0.9062735438346863
2018-12-16 00:00:00,,0.906364381313324
2018-12-17 00:00:00,,0.906399130821228
2018-12-18 00:00:00,,0.9064611196517944
2018-12-19 00:00:00,,0.9065812230110168
2018-12-20 00:00:00,,0.9066645503044128
2018-12-21 00:00:00,,0.9067472219467163
2018-12-22 00:00:00,,0.9069380760192871
2018-12-23 00:00:00,,0.9071258902549744
2018-12-24 00:00:00,,0.9072719812393188
2018-12-25 00:00:00,,0.9074522852897644
2018-12-26 00:00:00,,0.9076871275901794
2018-12-27 00:00:00,,0.907871663570404
2018-12-28 00:00:00,,0.9080511331558228
2018-12-29 00:00:00,,0.9082942605018616
2018-12-30 00:00:00,,0.9085606336593628
2018-12-31 00:00:00,,0.9087313413619995
2019-01-01 00:00:00,,0.9088573455810547
2019-01-02 00:00:00,,0.9090180397033691
2019-01-03 00:00:00,,0.909337043762207
2019-01-04 00:00:00,,0.9096016883850098
2019-01-05 00:00:00,,0.909793496131897
2019-01-06 00:00:00,,0.9099862575531006
2019-01-07 00:00:00,,0.9102545976638794
2019-01-08 00:00:00,,0.9105676412582397
2019-01-09 00:00:00,,0.9108378887176514
2019-01-10 00:00:00,,0.9110947251319885
2019-01-11 00:00:00,,0.9113669395446777
2019-01-12 00:00:00,,0.9115843772888184
2019-01-13 00:00:00,,0.9118434190750122
2019-01-14 00:00:00,,0.9120676517486572
2019-01-15 00:00:00,,0.9122503995895386
